Type,URL,Status,Result,Note
Network,https://ezlab.im/ko,200,PASS,서버 생존 확인
UI,https://ezlab.im/ko,200,PASS,-
UI,https://ezlab.im/ko/tool/ezcapture,200,PASS,-
UI,https://ezlab.im/ko/tool/ezzip,200,PASS,-
UI,https://ezlab.im/ko/tool/ezfinder,200,PASS,-
UI,https://ezlab.im/ko/tool/ezmemo,200,PASS,-
UI,https://ezlab.im/ko/tool/ezcam,200,PASS,-
UI,https://ezlab.im/ko/contact/notice,200,PASS,-
UI,https://ezlab.im/ko/contact/faq,200,PASS,-
UI,https://ezlab.im/ko/contact/inquiry,200,PASS,-
UI,https://ezlab.im/ko/contact/review,200,PASS,-
UI,https://ezlab.im/ko/login,200,PASS,-
UI,https://ezlab.im/ko/login,200,PASS,-
UI,https://ezlab.im/ko/login,200,PASS,-
UI,https://ezlab.im/ko/login,200,PASS,-
UI,https://ezlab.im/ko/login,200,PASS,-
UI,https://ezlab.im/ko/login,200,PASS,-
UI,https://ezlab.im/ko/login,200,PASS,-
UI,https://ezlab.im/ko/login,200,PASS,-
UI,https://ezlab.im/ko/tool/ezcapture,200,PASS,-
UI,https://ezlab.im/ko/tool/ezzip,200,PASS,-
UI,https://ezlab.im/ko/tool/ezfinder,200,PASS,-
UI,https://ezlab.im/ko/tool/ezmemo,200,PASS,-
UI,https://ezlab.im/ko/tool/ezcam,200,PASS,-
UI,https://ezlab.im/ko/contact/notice,200,PASS,-
UI,https://ezlab.im/ko/contact/faq,200,PASS,-
UI,https://ezlab.im/ko/contact/inquiry,200,PASS,-
UI,https://ezlab.im/ko/contact/review,200,PASS,-
UI,https://ezlab.im/ko/tool/ezcapture,200,PASS,-
UI,https://ezlab.im/ko/tool/ezzip,200,PASS,-
UI,https://ezlab.im/ko/tool/ezfinder,200,PASS,-
UI,https://ezlab.im/ko/tool/ezmemo,200,PASS,-
UI,https://ezlab.im/ko/tool/ezcam,200,PASS,-
UI,https://ezlab.im/tool/ezcapture,200,PASS,-
UI,https://ezlab.im/tool/ezzip,200,PASS,-
UI,https://ezlab.im/tool/ezfinder,200,PASS,-
UI,https://ezlab.im/tool/ezmemo,200,PASS,-
UI,https://ezlab.im/tool/ezcam,200,PASS,-
UI,https://ezlab.im/tool/ezcapture,200,PASS,-
UI,https://ezlab.im/tool/ezzip,200,PASS,-
UI,https://ezlab.im/tool/ezfinder,200,PASS,-
UI,https://ezlab.im/tool/ezmemo,200,PASS,-
UI,https://ezlab.im/tool/ezcam,200,PASS,-
UI,https://ezlab.im/tool/ezcapture,200,PASS,-
UI,https://ezlab.im/tool/ezzip,200,PASS,-
UI,https://ezlab.im/tool/ezfinder,200,PASS,-
UI,https://ezlab.im/tool/ezmemo,200,PASS,-
UI,https://ezlab.im/tool/ezcam,200,PASS,-
UI,https://ezlab.im/tool/ezcapture,200,PASS,-
UI,https://ezlab.im/tool/ezzip,200,PASS,-
UI,https://ezlab.im/tool/ezfinder,200,PASS,-
UI,https://ezlab.im/tool/ezmemo,200,PASS,-
UI,https://ezlab.im/tool/ezcam,200,PASS,-
UI,https://ezlab.im/tool/ezcapture,200,PASS,-
UI,https://ezlab.im/tool/ezzip,200,PASS,-
UI,https://ezlab.im/tool/ezfinder,200,PASS,-
UI,https://ezlab.im/tool/ezmemo,200,PASS,-
UI,https://ezlab.im/tool/ezcam,200,PASS,-
UI,https://ezlab.im/tool/ezcapture,200,PASS,-
UI,https://ezlab.im/tool/ezzip,200,PASS,-
UI,https://ezlab.im/tool/ezfinder,200,PASS,-
UI,https://ezlab.im/tool/ezmemo,200,PASS,-
UI,https://ezlab.im/tool/ezfinder,200,PASS,-
UI,https://ezlab.im/ko/tool/ezcapture,200,PASS,-
UI,https://ezlab.im/ko/tool/ezfinder,200,PASS,-
UI,https://ezlab.im/ko/tool/ezmemo,200,PASS,-
UI,https://ezlab.im/ko/tool/ezcam,200,PASS,-
UI,https://ezlab.im/ko/tool/ezzip,200,PASS,-
UI,https://ezlab.im/ko/tool/ezfinder,200,PASS,-
UI,https://ezlab.im/ko/tool/ezmemo,200,PASS,-
UI,https://ezlab.im/ko/tool/ezcapture,200,PASS,-
UI,https://ezlab.im/ko/tool/ezzip,200,PASS,-
UI,https://ezlab.im/ko/tool/ezfinder,200,PASS,-
UI,https://ezlab.im/ko/tool/ezcam,200,PASS,-
UI,https://ezlab.im/ko/tool/ezcapture,200,PASS,-
UI,https://ezlab.im/ko/tool/ezzip,200,PASS,-
UI,https://ezlab.im/ko/tool/ezfinder,200,PASS,-
UI,https://ezlab.im/ko/tool/ezcam,200,PASS,-
UI,https://ezlab.im/ko/tool/ezfinder,200,PASS,-
UI,https://ezlab.im/ko/tool/ezzip,200,PASS,-
UI,https://ezlab.im/ko/tool/ezcam,200,PASS,-
UI,https://ezlab.im/ko/tool/ezmemo,200,PASS,-
UI,https://ezlab.im/ko/tool/ezfinder,200,PASS,-
UI,https://ezlab.im/ko,200,PASS,-
UI,https://mobsoft.net/,200,PASS,-
UI,https://ezlab.im/ko/term/9,200,PASS,-
UI,https://ezlab.im/ko/term/8,200,PASS,-
